Order_ID,Order_Date,Product,Category,Region,Salesperson,Quantity,Unit_Price,Cost,Sales,Profit,Catogery,Total_sales ,Region,Total sales,Sales Person,Sum_sales,Product,Sum-sales,Kpi,Value,Average order value,129722.2222
1001,05-01-2026,Laptop,Electronics,South,Ravi,1,800,500,800,300,Electronics,1755400,North,1053800,Ravi,479800,Laptop,369800,Total sales,2335000,,
1002,08-01-2026,Mouse,Accessories,South,Priya,1,800,500,800,300,Accessories  ,579600,East,112600,Priya,613800,Monitor,772600,Total Orders,18,,
1003,12-01-2026,Keyboard,Accessories,North,Arjun,1,800,500,800,300,,,West,613000,Sneha,772600,Mouse,479800,Total Quantity,72,,
1004,18-01-2026,Monitor,Electronics,East,Sneha,2,800,500,1600,600,,,South,555600,Manoj,369000,Keyboard,99800,,,,
1005,22-01-2026,Laptop,Electronics,West,Manoj,2,"1,500",900,3000,1200,,,,,Arjun,99800,Printer,613000,,,,
1006,03-02-2026,Mouse,Accessories,North,Ravi,2,"1,500",900,3000,1200,,,,,,,,,,,,
1007,07-02-2026,Printer,Electronics,South,Priya,2,"1,500",900,3000,1200,,,,,,,,,,,,
1008,14-02-2026,Keyboard,Accessories,West,Arjun,2,"12,000","9,000",24000,6000,,,,,,,,,,,,
1009,20-02-2026,Monitor,Electronics,South,Sneha,3,"12,000","9,000",36000,9000,,,,,,,,,,,,
1010,25-02-2026,Laptop,Electronics,East,Manoj,3,"12,000","9,000",36000,9000,,,,,,,,,,,,
1011,02-03-2026,Mouse,Accessories,West,Ravi,3,"12,000","9,000",36000,9000,,,,,,,,,,,,
1012,09-03-2026,Printer,Electronics,North,Priya,4,"15,000","11,000",60000,16000,,,,,,,,,,,,
1013,15-03-2026,Monitor,Electronics,East,Arjun,5,"15,000","11,000",75000,20000,,,,,,,,,,,,
1014,19-03-2026,Keyboard,Accessories,South,Sneha,5,"15,000","11,000",75000,20000,,,,,,,,,,,,
1015,24-03-2026,Laptop,Electronics,North,Manoj,6,"55,000","45,000",330000,60000,,,,,,,,,,,,
1016,04-04-2026,Mouse,Accessories,South,Ravi,8,"55,000","45,000",440000,80000,,,,,,,,,,,,
1017,11-04-2026,Printer,Electronics,West,Priya,10,"55,000","45,000",550000,100000,,,,,,,,,,,,
1018,18-04-2026,Monitor,Electronics,North,Sneha,12,"55,000","45,000",660000,120000,,,,,,,,,,,,
,,,,,,72,,,2335000,454100,,,,,,,,,,,,
,,,,,,,,,129722.2222,120000,,,,,,,,,,,,
,,,,,,,,,660000,300,,,,,,,,,,,,
,,,,,,,,,800,19.44753747,,,,,,,,,,,,
